neuron_id,x,y,z,oob_clipped,structure_id,structure_acronym,source_area,source_layer_raw,source_layer,tL1,tL23,tL4,tL5,tL6,tTotal,aL1,aL23,aL4,aL5,aL6,aTotal,axon_length_file,fT1,fT23,fT4,fT5,fT6,fA1,fA23,fA4,fA5,fA6,dTL1,dTL23,dTL4,dTL5,dTL6,connection_name,direction,expected_source_area,expected_target_area
233668_031,10033.0,1713.5699462890625,7817.35986328125,False,965,RSPagl2/3,RSPagl,2/3,2/3,2,5,1,2,1,11,398.4554,1409.1173,484.2063,2465.9848,1703.2589,6461.0227,data/axon_length_byNeuron_RSPd_to_VISp_FB.csv,0.18181818181818182,0.45454545454545453,0.09090909090909091,0.18181818181818182,0.09090909090909091,0.06167063923177363,0.21809508578262693,0.07494267122757516,0.3816709698295906,0.26362063392843366,0.005019382344924927,0.0035483206401624623,0.002065235417217826,0.0008110350071906363,0.0005871098046221863,RSPd_to_VISp_FB,FB,RSPd,VISp
231566_045,6859.7998046875,720.864013671875,6628.5,False,774,RSPagl5,RSPagl,5,5,1,0,0,5,4,10,277.2322,0.0,0.0,2294.161,4086.2725,6657.6657,data/axon_length_byNeuron_RSPd_to_VISp_FB.csv,0.1,0.0,0.0,0.5,0.4,0.041641051457419975,0.0,0.0,0.34458939564958935,0.6137695528929907,0.003607084602726523,,,0.0021794459935462244,0.0009788872376964581,RSPd_to_VISp_FB,FB,RSPd,VISp
221532_025,6699.22021484375,959.6740112304688,5312.93994140625,False,687,RSPv5,RSPv,5,5,9,0,0,0,0,9,1971.7597,0.0,0.0,0.0,0.0,1971.7597,data/axon_length_byNeuron_RSPd_to_VISp_FB.csv,1.0,0.0,0.0,0.0,0.0,1.0,0.0,0.0,0.0,0.0,0.004564450728960532,,,,,RSPd_to_VISp_FB,FB,RSPd,VISp
233667_151,9240.240234375,1286.0899658203125,4258.93994140625,False,687,RSPv5,RSPv,5,5,2,1,2,4,4,13,159.441,493.7453,1546.1447,2429.9024,4117.1542,8746.3876,data/axon_length_byNeuron_RSPd_to_VISp_FB.csv,0.15384615384615385,0.07692307692307693,0.15384615384615385,0.3076923076923077,0.3076923076923077,0.018229354482300786,0.056451339979490506,0.17677523232562894,0.2778178273279359,0.47072624588464385,0.01254382498855376,0.002025335734841425,0.0012935399901445187,0.001646156652217801,0.0009715448597966042,RSPd_to_VISp_FB,FB,RSPd,VISp
