neuron_id,x,y,z,oob_clipped,structure_id,structure_acronym,source_area,source_layer_raw,source_layer,tL1,tL23,tL4,tL5,tL6,tTotal,aL1,aL23,aL4,aL5,aL6,aTotal,axon_length_file,fT1,fT23,fT4,fT5,fT6,fA1,fA23,fA4,fA5,fA6,dTL1,dTL23,dTL4,dTL5,dTL6,connection_name,direction,expected_source_area,expected_target_area
221474_195,7991.9599609375,1178.3399658203125,4249.27978515625,False,940,cing,cing,,,0,0,0,5,13,18,0.0,0.0,0.0,986.8496,5247.381899999999,6234.2315,data/axon_length_byNeuron_VISam_to_VISp_FB.csv,0.0,0.0,0.0,0.2777777777777778,0.7222222222222222,0.0,0.0,0.0,0.15829530873211878,0.8417046912678812,,,,0.00506662818731446,0.00247742593311152,VISam_to_VISp_FB,FB,VISam,VISp
233282_078,7548.2001953125,1208.2099609375,7335.81982421875,False,940,cing,cing,,,2,0,0,1,0,3,473.3483,0.0,0.0,299.9891,0.0,773.3374,data/axon_length_byNeuron_VISam_to_VISp_FB.csv,0.6666666666666666,0.0,0.0,0.3333333333333333,0.0,0.6120851002421452,0.0,0.0,0.3879148997578547,0.0,0.004225218512456895,,,0.0033334544488449747,,VISam_to_VISp_FB,FB,VISam,VISp
