neuron_id,x,y,z,oob_clipped,structure_id,structure_acronym,source_area,source_layer_raw,source_layer,tL1,tL23,tL4,tL5,tL6,tTotal,aL1,aL23,aL4,aL5,aL6,aTotal,axon_length_file,fT1,fT23,fT4,fT5,fT6,fA1,fA23,fA4,fA5,fA6,dTL1,dTL23,dTL4,dTL5,dTL6,connection_name,direction,expected_source_area,expected_target_area
221714_039,8581.7001953125,1838.469970703125,9698.1904296875,False,312782582,VISli2/3,VISli,2/3,2/3,11,3,3,2,0,19,1237.5951,2647.6283,390.7047,1819.1245,1657.0447000000001,7752.0973,data/axon_length_byNeuron_VISal_to_VISp_FB.csv,0.5789473684210527,0.15789473684210525,0.15789473684210525,0.10526315789473684,0.0,0.1596464868932953,0.341537031533389,0.050399870496981504,0.23466223779208756,0.2137543732842466,0.008888205843736776,0.0011330895654801695,0.00767843335388594,0.0010994299730447256,0.0,VISal_to_VISp_FB,FB,VISal,VISp
230110_021,8274.8603515625,1726.81005859375,9889.0595703125,False,696,AUDpo1,AUDpo,1,1,3,0,2,1,0,6,1993.6794,1083.0686,1046.1021,536.1403,1646.8748,6305.8652,data/axon_length_byNeuron_VISal_to_VISp_FB.csv,0.5,0.0,0.3333333333333333,0.16666666666666666,0.0,0.3161627051590002,0.17175574891769016,0.16589350815808748,0.08502248034100063,0.2611655574242215,0.0015047554787394604,0.0,0.001911859272627404,0.0018651834230704164,0.0,VISal_to_VISp_FB,FB,VISal,VISp
