neuron_id,x,y,z,oob_clipped,structure_id,structure_acronym,source_area,source_layer_raw,source_layer,tL1,tL23,tL4,tL5,tL6,tTotal,aL1,aL23,aL4,aL5,aL6,aTotal,axon_length_file,fT1,fT23,fT4,fT5,fT6,fA1,fA23,fA4,fA5,fA6,dTL1,dTL23,dTL4,dTL5,dTL6,connection_name,direction,expected_source_area,expected_target_area
233795_057,8970.580078125,2069.6201171875,9882.7802734375,False,1127,TEa2/3,TEa,2/3,2/3,1,0,10,7,0,18,119.0979,310.9477,2875.2754,3067.2563,268.8772,6641.4545,data/axon_length_byNeuron_VISli_to_VISp_FB.csv,0.05555555555555555,0.0,0.5555555555555556,0.3888888888888889,0.0,0.017932502586594547,0.04681921708565496,0.432928570089579,0.4618350242405485,0.04048468599762296,0.008396453673826323,0.0,0.003477927714333034,0.0022821698988767258,0.0,VISli_to_VISp_FB,FB,VISli,VISp
221478_820,9076.5595703125,1961.5999755859373,1827.699951171875,False,573,VISl4,VISl,4,4,4,4,0,2,0,10,899.7477,1393.566,210.1584,2432.6334,2347.8877,7283.9932,data/axon_length_byNeuron_VISli_to_VISp_FB.csv,0.4,0.4,0.0,0.2,0.0,0.12352396210364393,0.19131895949600833,0.02885208624302395,0.3339697516466655,0.32233524051065837,0.004445690719742879,0.002870334092536701,0.0,0.0008221542958343004,0.0,VISli_to_VISp_FB,FB,VISli,VISp
