neuron_id,x,y,z,oob_clipped,structure_id,structure_acronym,source_area,source_layer_raw,source_layer,tL1,tL23,tL4,tL5,tL6,tTotal,aL1,aL23,aL4,aL5,aL6,aTotal,axon_length_file,fT1,fT23,fT4,fT5,fT6,fA1,fA23,fA4,fA5,fA6,dTL1,dTL23,dTL4,dTL5,dTL6,connection_name,direction,expected_source_area,expected_target_area
233668_062,10156.7001953125,1886.9100341796875,8816.5,False,269,VISpl2/3,VISpl,2/3,2/3,0,1,0,0,0,1,133.0617,340.0332,0.0,1553.6127,917.0399,2943.7475,data/axon_length_byNeuron_VISp_to_RSPd_FF.csv,0.0,1.0,0.0,0.0,0.0,0.045201465139248526,0.11551031465844133,0.0,0.527766970502735,0.3115212496995751,0.0,0.002940889301397628,,0.0,0.0,VISp_to_RSPd_FF,FF,VISp,RSPd
233379_118,8220.080078125,1201.6099853515625,8915.759765625,False,312782608,VISrl2/3,VISrl,2/3,2/3,0,0,0,0,1,1,0.0,0.0,0.0,0.0,389.5532,389.5532,data/axon_length_byNeuron_VISp_to_RSPd_FF.csv,0.0,0.0,0.0,0.0,1.0,0.0,0.0,0.0,0.0,1.0,,,,,0.0025670434744214654,VISp_to_RSPd_FF,FF,VISp,RSPd
233667_193,9906.98046875,1567.8399658203125,3393.3798828125,False,774,RSPagl5,RSPagl,5,5,0,0,0,3,2,5,0.0,0.0,0.0,59.7117,310.2946,370.0063,data/axon_length_byNeuron_VISp_to_RSPd_FF.csv,0.0,0.0,0.0,0.6,0.4,0.0,0.0,0.0,0.16138022514751776,0.8386197748524822,,,,0.050241409974929534,0.006445487610805989,VISp_to_RSPd_FF,FF,VISp,RSPd
