neuron_id,x,y,z,oob_clipped,structure_id,structure_acronym,source_area,source_layer_raw,source_layer,tL1,tL23,tL4,tL5,tL6,tTotal,aL1,aL23,aL4,aL5,aL6,aTotal,axon_length_file,fT1,fT23,fT4,fT5,fT6,fA1,fA23,fA4,fA5,fA6,dTL1,dTL23,dTL4,dTL5,dTL6,connection_name,direction,expected_source_area,expected_target_area
233379_118,8220.080078125,1201.6099853515625,8915.759765625,False,312782608,VISrl2/3,VISrl,2/3,2/3,0,0,6,1,0,7,0.0,0.0,816.8598000000001,541.0953,763.3221000000001,2121.2772000000004,data/axon_length_byNeuron_VISp_to_VISrl_FF.csv,0.0,0.0,0.8571428571428571,0.14285714285714285,0.0,0.0,0.0,0.38507923434051894,0.2550799584325895,0.3598408072268914,,,0.007345201710256766,0.0018481032823607969,0.0,VISp_to_VISrl_FF,FF,VISp,VISrl
233284_183,8623.3603515625,1356.9599609375,7653.240234375,False,484682512,scwm,scwm,,,3,0,0,0,0,3,2886.9085,0.0,133.6547,0.0,323.5033,3344.0665,data/axon_length_byNeuron_VISp_to_VISrl_FF.csv,1.0,0.0,0.0,0.0,0.0,0.8632927903796171,0.0,0.03996771595301708,0.0,0.09673949366736577,0.0010391739121624396,,0.0,,0.0,VISp_to_VISrl_FF,FF,VISp,VISrl
