neuron_id,x,y,z,oob_clipped,structure_id,structure_acronym,source_area,source_layer_raw,source_layer,tL1,tL23,tL4,tL5,tL6,tTotal,aL1,aL23,aL4,aL5,aL6,aTotal,axon_length_file,fT1,fT23,fT4,fT5,fT6,fA1,fA23,fA4,fA5,fA6,dTL1,dTL23,dTL4,dTL5,dTL6,connection_name,direction,expected_source_area,expected_target_area
233668_062,10156.7001953125,1886.9100341796875,8816.5,False,269,VISpl2/3,VISpl,2/3,2/3,2,22,6,17,1,48,250.908,6382.8641,1444.5443,9169.6502,901.1441,18149.1107,data/axon_length_byNeuron_VISp_to_VISpl_FF.csv,0.041666666666666664,0.4583333333333333,0.125,0.3541666666666667,0.020833333333333332,0.013824809608990922,0.35169018501826643,0.07959311747434544,0.5052396424029746,0.049652245495422534,0.007971049149489056,0.003446728561869271,0.004153559015116394,0.0018539420402318074,0.0011097004352578017,VISp_to_VISpl_FF,FF,VISp,VISpl
233667_242,9933.5595703125,2005.5799560546875,2751.219970703125,False,902,VISpl5,VISpl,5,5,0,0,0,4,4,8,56.5535,123.2325,47.5102,805.9585,1790.2789,2823.5335999999998,data/axon_length_byNeuron_VISp_to_VISpl_FF.csv,0.0,0.0,0.0,0.5,0.5,0.020029334873153275,0.043644779010244474,0.016826504207352093,0.2854432120092355,0.6340561699000147,0.0,0.0,0.0,0.0049630346971959475,0.002234288746853912,VISp_to_VISpl_FF,FF,VISp,VISpl
233667_255,9796.83984375,2037.1400146484373,2392.080078125,False,902,VISpl5,VISpl,5,5,0,2,1,2,2,7,291.6498,864.4603,386.7264,1434.4334,593.3165,3570.5863999999997,data/axon_length_byNeuron_VISp_to_VISpl_FF.csv,0.0,0.2857142857142857,0.14285714285714285,0.2857142857142857,0.2857142857142857,0.0816812050816079,0.24210597452564095,0.10830893211266364,0.40173608458263327,0.16616780369745432,0.0,0.0023135822431637407,0.0025858074338860754,0.0013942787444854534,0.003370882151431824,VISp_to_VISpl_FF,FF,VISp,VISpl
