neuron_id,x,y,z,oob_clipped,structure_id,structure_acronym,source_area,source_layer_raw,source_layer,tL1,tL23,tL4,tL5,tL6,tTotal,aL1,aL23,aL4,aL5,aL6,aTotal,axon_length_file,fT1,fT23,fT4,fT5,fT6,fA1,fA23,fA4,fA5,fA6,dTL1,dTL23,dTL4,dTL5,dTL6,connection_name,direction,expected_source_area,expected_target_area
233668_062,10156.7001953125,1886.9100341796875,8816.5,False,269,VISpl2/3,VISpl,2/3,2/3,0,1,0,0,0,1,0.0,206.5485,0.0,264.3041,453.9543,924.8069,data/axon_length_byNeuron_VISp_to_RSPagl_FF.csv,0.0,1.0,0.0,0.0,0.0,0.0,0.22334229988984725,0.0,0.2857938235538684,0.49086387655628433,,0.004841477909546668,,0.0,0.0,VISp_to_RSPagl_FF,FF,VISp,RSPagl
233667_242,9933.5595703125,2005.5799560546875,2751.219970703125,False,902,VISpl5,VISpl,5,5,1,0,0,1,3,5,653.1079,492.2439,0.0,528.2237,1408.6859,3082.2614,data/axon_length_byNeuron_VISp_to_RSPagl_FF.csv,0.2,0.0,0.0,0.2,0.6,0.21189244364543514,0.15970219138454644,0.0,0.17137537393810923,0.4570299910319092,0.0015311405665128228,0.0,,0.0018931373204193601,0.002129644372815828,VISp_to_RSPagl_FF,FF,VISp,RSPagl
233667_255,9796.83984375,2037.1400146484373,2392.080078125,False,902,VISpl5,VISpl,5,5,0,0,0,1,0,1,0.0,0.0,0.0,304.0425,76.8849,380.92740000000003,data/axon_length_byNeuron_VISp_to_RSPagl_FF.csv,0.0,0.0,0.0,1.0,0.0,0.0,0.0,0.0,0.79816390209788,0.20183609790211993,,,,0.0032890138714160026,0.0,VISp_to_RSPagl_FF,FF,VISp,RSPagl
233284_183,8623.3603515625,1356.9599609375,7653.240234375,False,484682512,scwm,scwm,,,2,0,0,0,0,2,213.1124,0.0,0.0,0.0,532.9225,746.0349,data/axon_length_byNeuron_VISp_to_RSPagl_FF.csv,1.0,0.0,0.0,0.0,0.0,0.28566009445402624,0.0,0.0,0.0,0.7143399055459738,0.00938471904966581,,,,0.0,VISp_to_RSPagl_FF,FF,VISp,RSPagl
233667_193,9906.98046875,1567.8399658203125,3393.3798828125,False,774,RSPagl5,RSPagl,5,5,0,0,0,5,2,7,0.0,0.0,0.0,885.9854,525.7074,1411.6928,data/axon_length_byNeuron_VISp_to_RSPagl_FF.csv,0.0,0.0,0.0,0.7142857142857143,0.2857142857142857,0.0,0.0,0.0,0.6276049576791778,0.3723950423208222,,,,0.005643433853424673,0.0038043976554258127,VISp_to_RSPagl_FF,FF,VISp,RSPagl
