neuron_id,x,y,z,oob_clipped,structure_id,structure_acronym,source_area,source_layer_raw,source_layer,tL1,tL23,tL4,tL5,tL6,tTotal,aL1,aL23,aL4,aL5,aL6,aTotal,axon_length_file,fT1,fT23,fT4,fT5,fT6,fA1,fA23,fA4,fA5,fA6,dTL1,dTL23,dTL4,dTL5,dTL6,connection_name,direction,expected_source_area,expected_target_area
233281_099,8382.0400390625,1105.280029296875,7135.18017578125,False,940,cing,cing,,,1,0,0,0,0,1,506.7793,0.0,0.0,5.5313,78.4883,590.7989,data/axon_length_byNeuron_VISpm_to_VISp_FB.csv,1.0,0.0,0.0,0.0,0.0,0.8577864650729715,0.0,0.0,0.009362407411388206,0.13285112751564027,0.0019732455528471667,,,0.0,0.0,VISpm_to_VISp_FB,FB,VISpm,VISp
233666_006,9115.5400390625,725.8040161132812,4154.06005859375,False,778,VISp5,VISp,5,5,4,9,15,26,5,59,783.3822,1218.9883,2283.3236,4350.1052,875.0274000000001,9510.826700000001,data/axon_length_byNeuron_VISpm_to_VISp_FB.csv,0.06779661016949153,0.15254237288135594,0.2542372881355932,0.4406779661016949,0.0847457627118644,0.08236741397043854,0.12816849033743827,0.24007624910250966,0.45738455101910325,0.09200329557051018,0.005106064447213634,0.007383171766291769,0.006569371069435799,0.005976866950252146,0.0057141067811133685,VISpm_to_VISp_FB,FB,VISpm,VISp
