neuron_id,x,y,z,oob_clipped,structure_id,structure_acronym,source_area,source_layer_raw,source_layer,tL1,tL23,tL4,tL5,tL6,tTotal,aL1,aL23,aL4,aL5,aL6,aTotal,axon_length_file,fT1,fT23,fT4,fT5,fT6,fA1,fA23,fA4,fA5,fA6,dTL1,dTL23,dTL4,dTL5,dTL6,connection_name,direction,expected_source_area,expected_target_area
233668_062,10156.7001953125,1886.9100341796875,8816.5,False,269,VISpl2/3,VISpl,2/3,2/3,0,0,0,1,0,1,0.0,0.0,0.0,1534.9737,109.5686,1644.5423,data/axon_length_byNeuron_VISp_to_VISl_FF.csv,0.0,0.0,0.0,1.0,0.0,0.0,0.0,0.0,0.933374410618687,0.06662558938131297,,,,0.0006514769601589916,0.0,VISp_to_VISl_FF,FF,VISp,VISl
233379_118,8220.080078125,1201.6099853515625,8915.759765625,False,312782608,VISrl2/3,VISrl,2/3,2/3,0,0,1,1,0,2,0.0,0.0,313.7614,78.1086,0.0,391.87,data/axon_length_byNeuron_VISp_to_VISl_FF.csv,0.0,0.0,0.5,0.5,0.0,0.0,0.0,0.8006772654196544,0.19932273458034552,0.0,,,0.0031871351925380244,0.012802687540168433,,VISp_to_VISl_FF,FF,VISp,VISl
233667_242,9933.5595703125,2005.5799560546875,2751.219970703125,False,902,VISpl5,VISpl,5,5,0,1,1,1,0,3,0.0,184.7559,167.0974,371.1972,878.2367999999999,1601.2873,data/axon_length_byNeuron_VISp_to_VISl_FF.csv,0.0,0.3333333333333333,0.3333333333333333,0.3333333333333333,0.0,0.0,0.11537960739462556,0.10435191736048866,0.2318117429645511,0.5484567322803346,,0.005412547041799477,0.005984533571437976,0.0026939858382552455,0.0,VISp_to_VISl_FF,FF,VISp,VISl
233667_255,9796.83984375,2037.1400146484373,2392.080078125,False,902,VISpl5,VISpl,5,5,1,0,0,5,0,6,302.2508,443.3053,643.3355,1369.7725,35.9298,2794.5939,data/axon_length_byNeuron_VISp_to_VISl_FF.csv,0.16666666666666666,0.0,0.0,0.8333333333333334,0.0,0.10815553558604706,0.1586295955201219,0.23020715102827644,0.49015082298719687,0.01285689487835782,0.0033085106805341787,0.0,0.0,0.0036502411896866083,0.0,VISp_to_VISl_FF,FF,VISp,VISl
233284_183,8623.3603515625,1356.9599609375,7653.240234375,False,484682512,scwm,scwm,,,5,0,0,0,0,5,3713.1448,0.0,0.0,0.0,273.96450000000004,3987.1093,data/axon_length_byNeuron_VISp_to_VISl_FF.csv,1.0,0.0,0.0,0.0,0.0,0.9312874367401967,0.0,0.0,0.0,0.0687125632598033,0.001346567470247861,,,,0.0,VISp_to_VISl_FF,FF,VISp,VISl
