neuron_id,x,y,z,oob_clipped,structure_id,structure_acronym,source_area,source_layer_raw,source_layer,tL1,tL23,tL4,tL5,tL6,tTotal,aL1,aL23,aL4,aL5,aL6,aTotal,axon_length_file,fT1,fT23,fT4,fT5,fT6,fA1,fA23,fA4,fA5,fA6,dTL1,dTL23,dTL4,dTL5,dTL6,connection_name,direction,expected_source_area,expected_target_area
233284_183,8623.3603515625,1356.9599609375,7653.240234375,False,484682512,scwm,scwm,,,6,0,1,0,0,7,1584.9923,238.3843,106.3276,417.8143,312.3896,2659.9081,data/axon_length_byNeuron_VISp_to_VISam_FF.csv,0.8571428571428571,0.0,0.14285714285714285,0.0,0.0,0.5958823539805754,0.08962125420799312,0.03997416301713582,0.15707847199683328,0.11744375679746227,0.003785507349152422,0.0,0.009404895812564188,0.0,0.0,VISp_to_VISam_FF,FF,VISp,VISam
