neuron_id,x,y,z,oob_clipped,structure_id,structure_acronym,source_area,source_layer_raw,source_layer,tL1,tL23,tL4,tL5,tL6,tTotal,aL1,aL23,aL4,aL5,aL6,aTotal,axon_length_file,fT1,fT23,fT4,fT5,fT6,fA1,fA23,fA4,fA5,fA6,dTL1,dTL23,dTL4,dTL5,dTL6,connection_name,direction,expected_source_area,expected_target_area
233795_076,8330.9404296875,1148.719970703125,9208.080078125,False,1074,VISal1,VISal,1,1,27,1,1,5,0,34,7435.2426,681.3063,844.8423,3009.384,1924.7938000000001,13895.569,data/axon_length_byNeuron_VISrl_to_VISp_FB.csv,0.7941176470588235,0.029411764705882353,0.029411764705882353,0.14705882352941177,0.0,0.5350801107892739,0.04903047151217773,0.06079940303272216,0.21657148404646115,0.1385185306193651,0.003631354274842357,0.0014677686086272798,0.0011836528545031422,0.001661469589789804,0.0,VISrl_to_VISp_FB,FB,VISrl,VISp
221475_210,7238.27978515625,1141.260009765625,3098.360107421875,False,312782558,VISa4,VISa,4,4,11,7,0,0,0,18,2353.9045,987.0106,0.0,0.0,0.0,3340.9151,data/axon_length_byNeuron_VISrl_to_VISp_FB.csv,0.6111111111111112,0.3888888888888889,0.0,0.0,0.0,0.7045687871565488,0.29543121284345114,0.0,0.0,0.0,0.004673086779858741,0.007092122414896051,,,,VISrl_to_VISp_FB,FB,VISrl,VISp
221090_091,8131.66015625,1311.739990234375,2645.080078125,False,778,VISp5,VISp,5,5,10,0,2,1,1,14,3425.6992,293.98,236.9513,415.5268,1378.6437,5750.8009999999995,data/axon_length_byNeuron_VISrl_to_VISp_FB.csv,0.7142857142857143,0.0,0.14285714285714285,0.07142857142857142,0.07142857142857142,0.5956907915958143,0.0511198353064208,0.041203181956739596,0.07225546493436306,0.2397307262066624,0.002919112104180075,0.0,0.008440552974387564,0.0024065836427397706,0.000725350574626352,VISrl_to_VISp_FB,FB,VISrl,VISp
